threads_per_socket, ordered_mean, static_mean
1,3.258324,4.347961
2,3.331068,2.470892
3,3.334999,1.845347
4,3.342483,1.525558
5,3.374166,1.334890
6,3.371495,1.200884
7,3.371831,1.107877
8,3.425707,1.041041
9,3.459439,0.984231
10,3.507454,0.952444
11,3.564473,0.915382
12,3.583131,0.886219

